code_module,avg_pass_rate,avg_distinction_rate,withdrawal_rate,total_students,avg_prev_attempts,avg_credits,avg_length
AAA,0.7098930481283422,0.058823529411764705,0.16844919786096257,748,0.05481283422459893,84.43850267379679,268.5
BBB,0.47464913389809077,0.0855986850423568,0.3019345049943103,7909,0.21102541408521938,84.07257554684537,251.0
CCC,0.37843933243121336,0.11231393775372124,0.4454217410915652,4434,0.05299954894000902,77.48759585024808,255.0
DDD,0.4161352040816326,0.06106505102040816,0.35873724489795916,6272,0.24808673469387754,86.64779974489795,251.0
EEE,0.5623721881390593,0.12133605998636673,0.24608043626448534,2934,0.0541922290388548,65.43626448534424,259.3333333333333
FFF,0.4699819634114919,0.08631795928884309,0.30958515846431334,7762,0.20265395516619428,90.84514300438032,254.5
GGG,0.5974743488555643,0.15627466456195738,0.11523283346487766,2534,0.034333070244672456,34.45935280189424,257.0
